--
-- PostgreSQL database dump
--

\restrict 2WwLy8XOiONKXtT0a2aHTYLLKNmHRjqQaCLiuk3ILrbIRdtw2GoJZ6lfYhmVZaQ

-- Dumped from database version 15.14 (Debian 15.14-1.pgdg13+1)
-- Dumped by pg_dump version 15.14 (Debian 15.14-1.pgdg13+1)

SET statement_timeout = 0;
SET lock_timeout = 0;
SET idle_in_transaction_session_timeout = 0;
SET client_encoding = 'UTF8';
SET standard_conforming_strings = on;
SELECT pg_catalog.set_config('search_path', '', false);
SET check_function_bodies = false;
SET xmloption = content;
SET client_min_messages = warning;
SET row_security = off;

SET default_tablespace = '';

SET default_table_access_method = heap;

--
-- Name: about_about; Type: TABLE; Schema: public; Owner: portfolio_user
--

CREATE TABLE public.about_about (
    id bigint NOT NULL,
    name character varying(200) NOT NULL,
    title character varying(200) NOT NULL,
    bio text NOT NULL,
    profile_image character varying(100),
    email character varying(254) NOT NULL,
    phone character varying(50) NOT NULL,
    location character varying(200) NOT NULL,
    github character varying(200) NOT NULL,
    linkedin character varying(200) NOT NULL,
    twitter character varying(200) NOT NULL,
    cv_file character varying(100)
);


ALTER TABLE public.about_about OWNER TO portfolio_user;

--
-- Name: about_about_id_seq; Type: SEQUENCE; Schema: public; Owner: portfolio_user
--

ALTER TABLE public.about_about ALTER COLUMN id ADD GENERATED BY DEFAULT AS IDENTITY (
    SEQUENCE NAME public.about_about_id_seq
    START WITH 1
    INCREMENT BY 1
    NO MINVALUE
    NO MAXVALUE
    CACHE 1
);


--
-- Name: auth_group; Type: TABLE; Schema: public; Owner: portfolio_user
--

CREATE TABLE public.auth_group (
    id integer NOT NULL,
    name character varying(150) NOT NULL
);


ALTER TABLE public.auth_group OWNER TO portfolio_user;

--
-- Name: auth_group_id_seq; Type: SEQUENCE; Schema: public; Owner: portfolio_user
--

ALTER TABLE public.auth_group ALTER COLUMN id ADD GENERATED BY DEFAULT AS IDENTITY (
    SEQUENCE NAME public.auth_group_id_seq
    START WITH 1
    INCREMENT BY 1
    NO MINVALUE
    NO MAXVALUE
    CACHE 1
);


--
-- Name: auth_group_permissions; Type: TABLE; Schema: public; Owner: portfolio_user
--

CREATE TABLE public.auth_group_permissions (
    id bigint NOT NULL,
    group_id integer NOT NULL,
    permission_id integer NOT NULL
);


ALTER TABLE public.auth_group_permissions OWNER TO portfolio_user;

--
-- Name: auth_group_permissions_id_seq; Type: SEQUENCE; Schema: public; Owner: portfolio_user
--

ALTER TABLE public.auth_group_permissions ALTER COLUMN id ADD GENERATED BY DEFAULT AS IDENTITY (
    SEQUENCE NAME public.auth_group_permissions_id_seq
    START WITH 1
    INCREMENT BY 1
    NO MINVALUE
    NO MAXVALUE
    CACHE 1
);


--
-- Name: auth_permission; Type: TABLE; Schema: public; Owner: portfolio_user
--

CREATE TABLE public.auth_permission (
    id integer NOT NULL,
    name character varying(255) NOT NULL,
    content_type_id integer NOT NULL,
    codename character varying(100) NOT NULL
);


ALTER TABLE public.auth_permission OWNER TO portfolio_user;

--
-- Name: auth_permission_id_seq; Type: SEQUENCE; Schema: public; Owner: portfolio_user
--

ALTER TABLE public.auth_permission ALTER COLUMN id ADD GENERATED BY DEFAULT AS IDENTITY (
    SEQUENCE NAME public.auth_permission_id_seq
    START WITH 1
    INCREMENT BY 1
    NO MINVALUE
    NO MAXVALUE
    CACHE 1
);


--
-- Name: auth_user; Type: TABLE; Schema: public; Owner: portfolio_user
--

CREATE TABLE public.auth_user (
    id integer NOT NULL,
    password character varying(128) NOT NULL,
    last_login timestamp with time zone,
    is_superuser boolean NOT NULL,
    username character varying(150) NOT NULL,
    first_name character varying(150) NOT NULL,
    last_name character varying(150) NOT NULL,
    email character varying(254) NOT NULL,
    is_staff boolean NOT NULL,
    is_active boolean NOT NULL,
    date_joined timestamp with time zone NOT NULL
);


ALTER TABLE public.auth_user OWNER TO portfolio_user;

--
-- Name: auth_user_groups; Type: TABLE; Schema: public; Owner: portfolio_user
--

CREATE TABLE public.auth_user_groups (
    id bigint NOT NULL,
    user_id integer NOT NULL,
    group_id integer NOT NULL
);


ALTER TABLE public.auth_user_groups OWNER TO portfolio_user;

--
-- Name: auth_user_groups_id_seq; Type: SEQUENCE; Schema: public; Owner: portfolio_user
--

ALTER TABLE public.auth_user_groups ALTER COLUMN id ADD GENERATED BY DEFAULT AS IDENTITY (
    SEQUENCE NAME public.auth_user_groups_id_seq
    START WITH 1
    INCREMENT BY 1
    NO MINVALUE
    NO MAXVALUE
    CACHE 1
);


--
-- Name: auth_user_id_seq; Type: SEQUENCE; Schema: public; Owner: portfolio_user
--

ALTER TABLE public.auth_user ALTER COLUMN id ADD GENERATED BY DEFAULT AS IDENTITY (
    SEQUENCE NAME public.auth_user_id_seq
    START WITH 1
    INCREMENT BY 1
    NO MINVALUE
    NO MAXVALUE
    CACHE 1
);


--
-- Name: auth_user_user_permissions; Type: TABLE; Schema: public; Owner: portfolio_user
--

CREATE TABLE public.auth_user_user_permissions (
    id bigint NOT NULL,
    user_id integer NOT NULL,
    permission_id integer NOT NULL
);


ALTER TABLE public.auth_user_user_permissions OWNER TO portfolio_user;

--
-- Name: auth_user_user_permissions_id_seq; Type: SEQUENCE; Schema: public; Owner: portfolio_user
--

ALTER TABLE public.auth_user_user_permissions ALTER COLUMN id ADD GENERATED BY DEFAULT AS IDENTITY (
    SEQUENCE NAME public.auth_user_user_permissions_id_seq
    START WITH 1
    INCREMENT BY 1
    NO MINVALUE
    NO MAXVALUE
    CACHE 1
);


--
-- Name: blog_post; Type: TABLE; Schema: public; Owner: portfolio_user
--

CREATE TABLE public.blog_post (
    id bigint NOT NULL,
    title character varying(200) NOT NULL,
    slug character varying(50) NOT NULL,
    excerpt text NOT NULL,
    content text NOT NULL,
    image character varying(100),
    published boolean NOT NULL,
    created_at timestamp with time zone NOT NULL,
    updated_at timestamp with time zone NOT NULL
);


ALTER TABLE public.blog_post OWNER TO portfolio_user;

--
-- Name: blog_post_id_seq; Type: SEQUENCE; Schema: public; Owner: portfolio_user
--

ALTER TABLE public.blog_post ALTER COLUMN id ADD GENERATED BY DEFAULT AS IDENTITY (
    SEQUENCE NAME public.blog_post_id_seq
    START WITH 1
    INCREMENT BY 1
    NO MINVALUE
    NO MAXVALUE
    CACHE 1
);


--
-- Name: contact_contactmessage; Type: TABLE; Schema: public; Owner: portfolio_user
--

CREATE TABLE public.contact_contactmessage (
    id bigint NOT NULL,
    name character varying(200) NOT NULL,
    email character varying(254) NOT NULL,
    subject character varying(200) NOT NULL,
    message text NOT NULL,
    created_at timestamp with time zone NOT NULL,
    read boolean NOT NULL
);


ALTER TABLE public.contact_contactmessage OWNER TO portfolio_user;

--
-- Name: contact_contactmessage_id_seq; Type: SEQUENCE; Schema: public; Owner: portfolio_user
--

ALTER TABLE public.contact_contactmessage ALTER COLUMN id ADD GENERATED BY DEFAULT AS IDENTITY (
    SEQUENCE NAME public.contact_contactmessage_id_seq
    START WITH 1
    INCREMENT BY 1
    NO MINVALUE
    NO MAXVALUE
    CACHE 1
);


--
-- Name: django_admin_log; Type: TABLE; Schema: public; Owner: portfolio_user
--

CREATE TABLE public.django_admin_log (
    id integer NOT NULL,
    action_time timestamp with time zone NOT NULL,
    object_id text,
    object_repr character varying(200) NOT NULL,
    action_flag smallint NOT NULL,
    change_message text NOT NULL,
    content_type_id integer,
    user_id integer NOT NULL,
    CONSTRAINT django_admin_log_action_flag_check CHECK ((action_flag >= 0))
);


ALTER TABLE public.django_admin_log OWNER TO portfolio_user;

--
-- Name: django_admin_log_id_seq; Type: SEQUENCE; Schema: public; Owner: portfolio_user
--

ALTER TABLE public.django_admin_log ALTER COLUMN id ADD GENERATED BY DEFAULT AS IDENTITY (
    SEQUENCE NAME public.django_admin_log_id_seq
    START WITH 1
    INCREMENT BY 1
    NO MINVALUE
    NO MAXVALUE
    CACHE 1
);


--
-- Name: django_content_type; Type: TABLE; Schema: public; Owner: portfolio_user
--

CREATE TABLE public.django_content_type (
    id integer NOT NULL,
    app_label character varying(100) NOT NULL,
    model character varying(100) NOT NULL
);


ALTER TABLE public.django_content_type OWNER TO portfolio_user;

--
-- Name: django_content_type_id_seq; Type: SEQUENCE; Schema: public; Owner: portfolio_user
--

ALTER TABLE public.django_content_type ALTER COLUMN id ADD GENERATED BY DEFAULT AS IDENTITY (
    SEQUENCE NAME public.django_content_type_id_seq
    START WITH 1
    INCREMENT BY 1
    NO MINVALUE
    NO MAXVALUE
    CACHE 1
);


--
-- Name: django_migrations; Type: TABLE; Schema: public; Owner: portfolio_user
--

CREATE TABLE public.django_migrations (
    id bigint NOT NULL,
    app character varying(255) NOT NULL,
    name character varying(255) NOT NULL,
    applied timestamp with time zone NOT NULL
);


ALTER TABLE public.django_migrations OWNER TO portfolio_user;

--
-- Name: django_migrations_id_seq; Type: SEQUENCE; Schema: public; Owner: portfolio_user
--

ALTER TABLE public.django_migrations ALTER COLUMN id ADD GENERATED BY DEFAULT AS IDENTITY (
    SEQUENCE NAME public.django_migrations_id_seq
    START WITH 1
    INCREMENT BY 1
    NO MINVALUE
    NO MAXVALUE
    CACHE 1
);


--
-- Name: django_session; Type: TABLE; Schema: public; Owner: portfolio_user
--

CREATE TABLE public.django_session (
    session_key character varying(40) NOT NULL,
    session_data text NOT NULL,
    expire_date timestamp with time zone NOT NULL
);


ALTER TABLE public.django_session OWNER TO portfolio_user;

--
-- Name: projects_project; Type: TABLE; Schema: public; Owner: portfolio_user
--

CREATE TABLE public.projects_project (
    id bigint NOT NULL,
    title character varying(200) NOT NULL,
    slug character varying(50) NOT NULL,
    description text NOT NULL,
    image character varying(100),
    url character varying(200),
    github_url character varying(200),
    technologies character varying(500) NOT NULL,
    featured boolean NOT NULL,
    created_at timestamp with time zone NOT NULL,
    updated_at timestamp with time zone NOT NULL
);


ALTER TABLE public.projects_project OWNER TO portfolio_user;

--
-- Name: projects_project_id_seq; Type: SEQUENCE; Schema: public; Owner: portfolio_user
--

ALTER TABLE public.projects_project ALTER COLUMN id ADD GENERATED BY DEFAULT AS IDENTITY (
    SEQUENCE NAME public.projects_project_id_seq
    START WITH 1
    INCREMENT BY 1
    NO MINVALUE
    NO MAXVALUE
    CACHE 1
);


--
-- Name: resume_education; Type: TABLE; Schema: public; Owner: portfolio_user
--

CREATE TABLE public.resume_education (
    id bigint NOT NULL,
    institution character varying(200) NOT NULL,
    degree character varying(200) NOT NULL,
    field character varying(200) NOT NULL,
    start_date date NOT NULL,
    end_date date,
    current boolean NOT NULL,
    description text NOT NULL
);


ALTER TABLE public.resume_education OWNER TO portfolio_user;

--
-- Name: resume_education_id_seq; Type: SEQUENCE; Schema: public; Owner: portfolio_user
--

ALTER TABLE public.resume_education ALTER COLUMN id ADD GENERATED BY DEFAULT AS IDENTITY (
    SEQUENCE NAME public.resume_education_id_seq
    START WITH 1
    INCREMENT BY 1
    NO MINVALUE
    NO MAXVALUE
    CACHE 1
);


--
-- Name: resume_experience; Type: TABLE; Schema: public; Owner: portfolio_user
--

CREATE TABLE public.resume_experience (
    id bigint NOT NULL,
    company character varying(200) NOT NULL,
    "position" character varying(200) NOT NULL,
    start_date date NOT NULL,
    end_date date,
    current boolean NOT NULL,
    description text NOT NULL
);


ALTER TABLE public.resume_experience OWNER TO portfolio_user;

--
-- Name: resume_experience_id_seq; Type: SEQUENCE; Schema: public; Owner: portfolio_user
--

ALTER TABLE public.resume_experience ALTER COLUMN id ADD GENERATED BY DEFAULT AS IDENTITY (
    SEQUENCE NAME public.resume_experience_id_seq
    START WITH 1
    INCREMENT BY 1
    NO MINVALUE
    NO MAXVALUE
    CACHE 1
);


--
-- Name: services_service; Type: TABLE; Schema: public; Owner: portfolio_user
--

CREATE TABLE public.services_service (
    id bigint NOT NULL,
    title character varying(200) NOT NULL,
    description text NOT NULL,
    icon character varying(100) NOT NULL,
    "order" integer NOT NULL
);


ALTER TABLE public.services_service OWNER TO portfolio_user;

--
-- Name: services_service_id_seq; Type: SEQUENCE; Schema: public; Owner: portfolio_user
--

ALTER TABLE public.services_service ALTER COLUMN id ADD GENERATED BY DEFAULT AS IDENTITY (
    SEQUENCE NAME public.services_service_id_seq
    START WITH 1
    INCREMENT BY 1
    NO MINVALUE
    NO MAXVALUE
    CACHE 1
);


--
-- Name: techs_technology; Type: TABLE; Schema: public; Owner: portfolio_user
--

CREATE TABLE public.techs_technology (
    id bigint NOT NULL,
    name character varying(100) NOT NULL,
    icon character varying(100),
    proficiency integer NOT NULL,
    category character varying(50) NOT NULL,
    icon_class character varying(200) NOT NULL
);


ALTER TABLE public.techs_technology OWNER TO portfolio_user;

--
-- Name: techs_technology_id_seq; Type: SEQUENCE; Schema: public; Owner: portfolio_user
--

ALTER TABLE public.techs_technology ALTER COLUMN id ADD GENERATED BY DEFAULT AS IDENTITY (
    SEQUENCE NAME public.techs_technology_id_seq
    START WITH 1
    INCREMENT BY 1
    NO MINVALUE
    NO MAXVALUE
    CACHE 1
);


--
-- Name: testimonials_testimonial; Type: TABLE; Schema: public; Owner: portfolio_user
--

CREATE TABLE public.testimonials_testimonial (
    id bigint NOT NULL,
    name character varying(200) NOT NULL,
    "position" character varying(200) NOT NULL,
    company character varying(200) NOT NULL,
    content text NOT NULL,
    avatar character varying(100),
    rating integer NOT NULL,
    created_at timestamp with time zone NOT NULL
);


ALTER TABLE public.testimonials_testimonial OWNER TO portfolio_user;

--
-- Name: testimonials_testimonial_id_seq; Type: SEQUENCE; Schema: public; Owner: portfolio_user
--

ALTER TABLE public.testimonials_testimonial ALTER COLUMN id ADD GENERATED BY DEFAULT AS IDENTITY (
    SEQUENCE NAME public.testimonials_testimonial_id_seq
    START WITH 1
    INCREMENT BY 1
    NO MINVALUE
    NO MAXVALUE
    CACHE 1
);


--
-- Data for Name: about_about; Type: TABLE DATA; Schema: public; Owner: portfolio_user
--

COPY public.about_about (id, name, title, bio, profile_image, email, phone, location, github, linkedin, twitter, cv_file) FROM stdin;
1	Jose F. Tinoco Fokkelman	Estudiante Desarrollador Full-Stack	Técnico profesional de 34 años en reconversión al desarrollo web.\r\nTras una década trabajando como técnico de reparación electrónica, los últimos años como encargado, he fortalecido mi capacidad de trabajo en equipo, liderazgo y adaptación a entornos cambiantes. Actualmente cursando un certificado de profesionalidad Desarrollo de Aplicaciones Web y ciclo formativo de grado superior Desarrollo de Aplicaciones Multiplataforma. Busco integrarme en un equipo ágil donde poner en práctica mis habilidades técnicas y seguir creciendo.	about/IMG_1034.jpg	joseftf1991@gmail.com	601635982	Calle Julio Romero de Torres 2	https://github.com/rjrbio	https://linkedin.com/in/rjrbio		cv/cvv.pdf
\.


--
-- Data for Name: auth_group; Type: TABLE DATA; Schema: public; Owner: portfolio_user
--

COPY public.auth_group (id, name) FROM stdin;
\.


--
-- Data for Name: auth_group_permissions; Type: TABLE DATA; Schema: public; Owner: portfolio_user
--

COPY public.auth_group_permissions (id, group_id, permission_id) FROM stdin;
\.


--
-- Data for Name: auth_permission; Type: TABLE DATA; Schema: public; Owner: portfolio_user
--

COPY public.auth_permission (id, name, content_type_id, codename) FROM stdin;
1	Can add log entry	1	add_logentry
2	Can change log entry	1	change_logentry
3	Can delete log entry	1	delete_logentry
4	Can view log entry	1	view_logentry
5	Can add permission	2	add_permission
6	Can change permission	2	change_permission
7	Can delete permission	2	delete_permission
8	Can view permission	2	view_permission
9	Can add group	3	add_group
10	Can change group	3	change_group
11	Can delete group	3	delete_group
12	Can view group	3	view_group
13	Can add user	4	add_user
14	Can change user	4	change_user
15	Can delete user	4	delete_user
16	Can view user	4	view_user
17	Can add content type	5	add_contenttype
18	Can change content type	5	change_contenttype
19	Can delete content type	5	delete_contenttype
20	Can view content type	5	view_contenttype
21	Can add session	6	add_session
22	Can change session	6	change_session
23	Can delete session	6	delete_session
24	Can view session	6	view_session
25	Can add Proyecto	7	add_project
26	Can change Proyecto	7	change_project
27	Can delete Proyecto	7	delete_project
28	Can view Proyecto	7	view_project
29	Can add Sobre Mí	8	add_about
30	Can change Sobre Mí	8	change_about
31	Can delete Sobre Mí	8	delete_about
32	Can view Sobre Mí	8	view_about
33	Can add Mensaje de Contacto	9	add_contactmessage
34	Can change Mensaje de Contacto	9	change_contactmessage
35	Can delete Mensaje de Contacto	9	delete_contactmessage
36	Can view Mensaje de Contacto	9	view_contactmessage
37	Can add Servicio	10	add_service
38	Can change Servicio	10	change_service
39	Can delete Servicio	10	delete_service
40	Can view Servicio	10	view_service
41	Can add Testimonio	11	add_testimonial
42	Can change Testimonio	11	change_testimonial
43	Can delete Testimonio	11	delete_testimonial
44	Can view Testimonio	11	view_testimonial
45	Can add Tecnología	12	add_technology
46	Can change Tecnología	12	change_technology
47	Can delete Tecnología	12	delete_technology
48	Can view Tecnología	12	view_technology
49	Can add Post	13	add_post
50	Can change Post	13	change_post
51	Can delete Post	13	delete_post
52	Can view Post	13	view_post
53	Can add Educación	14	add_education
54	Can change Educación	14	change_education
55	Can delete Educación	14	delete_education
56	Can view Educación	14	view_education
57	Can add Experiencia	15	add_experience
58	Can change Experiencia	15	change_experience
59	Can delete Experiencia	15	delete_experience
60	Can view Experiencia	15	view_experience
\.


--
-- Data for Name: auth_user; Type: TABLE DATA; Schema: public; Owner: portfolio_user
--

COPY public.auth_user (id, password, last_login, is_superuser, username, first_name, last_name, email, is_staff, is_active, date_joined) FROM stdin;
1	pbkdf2_sha256$1000000$D5y8kbvOxPD3lZCOJzqiIA$xoVyGwp4MYqOSbA3eqGZGiaON8Jh8VBpUbiDTq5DmLY=	2025-10-28 19:48:11.357551+00	t	admin				t	t	2025-10-28 19:46:25.172185+00
\.


--
-- Data for Name: auth_user_groups; Type: TABLE DATA; Schema: public; Owner: portfolio_user
--

COPY public.auth_user_groups (id, user_id, group_id) FROM stdin;
\.


--
-- Data for Name: auth_user_user_permissions; Type: TABLE DATA; Schema: public; Owner: portfolio_user
--

COPY public.auth_user_user_permissions (id, user_id, permission_id) FROM stdin;
\.


--
-- Data for Name: blog_post; Type: TABLE DATA; Schema: public; Owner: portfolio_user
--

COPY public.blog_post (id, title, slug, excerpt, content, image, published, created_at, updated_at) FROM stdin;
1	BiznagaFest 2025	biznagafest25	El fin de semana del 25 de Octubre de 2025 participé en mi primer BiznagaFest y, además, como voluntario.	Este fin de semana tuve la suerte de participar como voluntario en el BiznagaFest, rodeado de un equipo increíble de organizadores y un ambiente espectacular entre los voluntarios, por no hablar de lo que significa poder conocer y hablar con personas que han llegado muy alto en empresas líderes del sector en todo el mundo. Sumando entre todo esto una experiencia inolvidable, de la que seguro repetiré el año que viene.	blog/1761566548977.jpg	t	2025-10-29 11:00:03.594342+00	2025-10-29 11:00:33.513442+00
\.


--
-- Data for Name: contact_contactmessage; Type: TABLE DATA; Schema: public; Owner: portfolio_user
--

COPY public.contact_contactmessage (id, name, email, subject, message, created_at, read) FROM stdin;
2	jose francisco tinoco fokkelman	rjrbio@hotmail.com	hola	asdasd	2025-10-29 12:54:04.378284+00	f
\.


--
-- Data for Name: django_admin_log; Type: TABLE DATA; Schema: public; Owner: portfolio_user
--

COPY public.django_admin_log (id, action_time, object_id, object_repr, action_flag, change_message, content_type_id, user_id) FROM stdin;
1	2025-10-28 21:34:20.423852+00	1	Jose F. Tinoco Fokkelman	1	[{"added": {}}]	8	1
2	2025-10-28 21:43:47.734076+00	1	Jose F. Tinoco Fokkelman	2	[{"changed": {"fields": ["Foto de perfil"]}}]	8	1
3	2025-10-28 21:46:53.233674+00	1	Jose F. Tinoco Fokkelman	2	[{"changed": {"fields": ["CV (PDF)"]}}]	8	1
4	2025-10-29 11:00:03.598933+00	1	BiznagaFest 2025	1	[{"added": {}}]	13	1
5	2025-10-29 11:00:33.515505+00	1	BiznagaFest 2025	2	[{"changed": {"fields": ["Imagen destacada"]}}]	13	1
6	2025-10-29 12:07:33.516936+00	12	Node.js	2	[{"changed": {"fields": ["Nivel de dominio (%)"]}}]	12	1
7	2025-10-29 12:07:40.406389+00	11	PHP	2	[{"changed": {"fields": ["Nivel de dominio (%)"]}}]	12	1
8	2025-10-29 12:07:45.722117+00	13	Express.js	2	[{"changed": {"fields": ["Nivel de dominio (%)"]}}]	12	1
9	2025-10-29 12:07:54.959463+00	15	PostgreSQL	2	[{"changed": {"fields": ["Nivel de dominio (%)"]}}]	12	1
10	2025-10-29 12:08:00.220275+00	17	SQLite	2	[{"changed": {"fields": ["Nivel de dominio (%)"]}}]	12	1
11	2025-10-29 12:08:03.335612+00	14	MySQL	2	[{"changed": {"fields": ["Nivel de dominio (%)"]}}]	12	1
12	2025-10-29 12:08:06.763493+00	16	MongoDB	2	[{"changed": {"fields": ["Nivel de dominio (%)"]}}]	12	1
13	2025-10-29 12:08:13.292514+00	18	Redis	2	[{"changed": {"fields": ["Nivel de dominio (%)"]}}]	12	1
14	2025-10-29 12:08:19.995348+00	2	CSS3	2	[{"changed": {"fields": ["Nivel de dominio (%)"]}}]	12	1
15	2025-10-29 12:08:31.616647+00	4	React	2	[{"changed": {"fields": ["Nivel de dominio (%)"]}}]	12	1
16	2025-10-29 12:08:37.068659+00	5	Vue.js	2	[{"changed": {"fields": ["Nivel de dominio (%)"]}}]	12	1
17	2025-10-29 12:08:45.924781+00	20	GitHub	2	[{"changed": {"fields": ["Nivel de dominio (%)"]}}]	12	1
18	2025-10-29 12:09:58.302994+00	21	Docker	2	[{"changed": {"fields": ["Nivel de dominio (%)"]}}]	12	1
19	2025-10-29 12:10:02.107318+00	23	Nginx	2	[{"changed": {"fields": ["Nivel de dominio (%)"]}}]	12	1
20	2025-10-29 12:12:21.791135+00	1	Luis Jose Sanchez - CPIFP Alan Turing	1	[{"added": {}}]	11	1
21	2025-10-29 12:25:47.881066+00	1	jose francisco tinoco fokkelman - hola	3		9	1
22	2025-10-29 12:34:47.704773+00	28	Java	2	[{"changed": {"fields": ["Nivel de dominio (%)"]}}]	12	1
23	2025-10-29 12:44:02.291585+00	1	Rule The Mando	1	[{"added": {}}]	7	1
24	2025-10-29 13:19:56.735398+00	8	Python	2	[{"changed": {"fields": ["Nivel de dominio (%)"]}}]	12	1
25	2025-10-29 13:20:02.202469+00	9	Django	2	[{"changed": {"fields": ["Nivel de dominio (%)"]}}]	12	1
26	2025-10-29 13:20:05.814291+00	10	Flask	2	[{"changed": {"fields": ["Nivel de dominio (%)"]}}]	12	1
27	2025-10-29 13:20:11.985472+00	13	Express.js	2	[{"changed": {"fields": ["Nivel de dominio (%)"]}}]	12	1
28	2025-10-29 13:33:57.924285+00	1	Certificado de profesionalidad (nivel 3) - CPIFP Alan Turing	1	[{"added": {}}]	14	1
29	2025-10-29 13:35:25.019884+00	2	Ciclo formativo de Grado Superior - IES Portada Alta	1	[{"added": {}}]	14	1
30	2025-10-29 13:36:42.432854+00	1	Encargado en ReWare Mobile SL	1	[{"added": {}}]	15	1
31	2025-10-29 13:37:46.796507+00	2	Técnico en Samsung España	1	[{"added": {}}]	15	1
32	2025-10-29 13:39:39.895245+00	2	Técnico en Samsung España	2	[{"changed": {"fields": ["Descripci\\u00f3n"]}}]	15	1
33	2025-10-29 14:20:33.392068+00	1	Desarrollo de página web	1	[{"added": {}}]	10	1
\.


--
-- Data for Name: django_content_type; Type: TABLE DATA; Schema: public; Owner: portfolio_user
--

COPY public.django_content_type (id, app_label, model) FROM stdin;
1	admin	logentry
2	auth	permission
3	auth	group
4	auth	user
5	contenttypes	contenttype
6	sessions	session
7	projects	project
8	about	about
9	contact	contactmessage
10	services	service
11	testimonials	testimonial
12	techs	technology
13	blog	post
14	resume	education
15	resume	experience
\.


--
-- Data for Name: django_migrations; Type: TABLE DATA; Schema: public; Owner: portfolio_user
--

COPY public.django_migrations (id, app, name, applied) FROM stdin;
1	contenttypes	0001_initial	2025-10-28 19:45:33.91369+00
2	auth	0001_initial	2025-10-28 19:45:34.052941+00
3	admin	0001_initial	2025-10-28 19:45:34.084372+00
4	admin	0002_logentry_remove_auto_add	2025-10-28 19:45:34.096544+00
5	admin	0003_logentry_add_action_flag_choices	2025-10-28 19:45:34.108855+00
6	contenttypes	0002_remove_content_type_name	2025-10-28 19:45:34.142038+00
7	auth	0002_alter_permission_name_max_length	2025-10-28 19:45:34.15712+00
8	auth	0003_alter_user_email_max_length	2025-10-28 19:45:34.166233+00
9	auth	0004_alter_user_username_opts	2025-10-28 19:45:34.177138+00
10	auth	0005_alter_user_last_login_null	2025-10-28 19:45:34.18756+00
11	auth	0006_require_contenttypes_0002	2025-10-28 19:45:34.189666+00
12	auth	0007_alter_validators_add_error_messages	2025-10-28 19:45:34.198679+00
13	auth	0008_alter_user_username_max_length	2025-10-28 19:45:34.217124+00
14	auth	0009_alter_user_last_name_max_length	2025-10-28 19:45:34.235879+00
15	auth	0010_alter_group_name_max_length	2025-10-28 19:45:34.243006+00
16	auth	0011_update_proxy_permissions	2025-10-28 19:45:34.247711+00
17	auth	0012_alter_user_first_name_max_length	2025-10-28 19:45:34.255484+00
18	sessions	0001_initial	2025-10-28 19:45:34.270242+00
19	about	0001_initial	2025-10-28 20:49:04.86108+00
20	blog	0001_initial	2025-10-28 20:49:04.878309+00
21	contact	0001_initial	2025-10-28 20:49:04.887185+00
22	projects	0001_initial	2025-10-28 20:49:04.899416+00
23	resume	0001_initial	2025-10-28 20:49:04.91573+00
24	services	0001_initial	2025-10-28 20:49:04.924492+00
25	techs	0001_initial	2025-10-28 20:49:04.929803+00
26	testimonials	0001_initial	2025-10-28 20:49:04.938345+00
27	techs	0002_alter_technology_options_technology_icon_class	2025-10-28 22:33:25.894077+00
\.


--
-- Data for Name: django_session; Type: TABLE DATA; Schema: public; Owner: portfolio_user
--

COPY public.django_session (session_key, session_data, expire_date) FROM stdin;
ccd6f7cp7bt5vokzr0c05ry6m3uyrnfq	.eJxVjEEOwiAQRe_C2hAZEKhL956hmRkGqRpISrsy3l2bdKHb_977LzXiupRx7TKPU1JnZdThdyPkh9QNpDvWW9Pc6jJPpDdF77Tra0vyvOzu30HBXr41A2UABxJdhuDRkmA0PjBJPnkwAcIxkLVDdtGbxNazdzw4i0ic0Kj3B9_mN_g:1vDpfv:NpnU-c9brU89JJgHuowfFskUzSEXVgMIbX1BIObcvqs	2025-11-11 19:48:11.359116+00
\.


--
-- Data for Name: projects_project; Type: TABLE DATA; Schema: public; Owner: portfolio_user
--

COPY public.projects_project (id, title, slug, description, image, url, github_url, technologies, featured, created_at, updated_at) FROM stdin;
1	Rule The Mando	rule-the-mando	En esta web podrás ver casi todos los juegos de los últimos 30 años así como próximos y muy esperados lanzamientos.\r\nDispone de un sistema de creación de usuario mediante el 'BaaS' SupaBase.\r\nCon un usuario creado puedes votar, criticar y añadir a favoritos tus juegos, así como ordenar tu propia lista de TOP Favoritos.\r\nCada juego tiene su propia ficha donde se puede ver una descripción, la nota media por los usuarios, las críticas escritas...	projects/rule.png	https://rjrbio.alwaysdata.net/src/index.php	https://github.com/rjrbio/RuleTheMando	PHP, SQL, HTML, CSS, JavaScript	t	2025-10-29 12:44:02.289685+00	2025-10-29 12:44:02.2897+00
\.


--
-- Data for Name: resume_education; Type: TABLE DATA; Schema: public; Owner: portfolio_user
--

COPY public.resume_education (id, institution, degree, field, start_date, end_date, current, description) FROM stdin;
1	CPIFP Alan Turing	Certificado de profesionalidad (nivel 3)	Desarrollo de aplicaciones web	2025-04-30	2025-11-20	t	Desarrollo Web con formación en:\r\n* Frontend: HTML, CSS, SASS, Tailwind, JavaScript (ES6), TypeScript, Angular 16+.\r\n* Backend: PHP, LARAVEL, Python, DJANGO , MongoDB, MySQL, SQL Server.\r\n* DevOps: Docker, Apache, Azure, MySQL Workbench, ERD Plus.
2	IES Portada Alta	Ciclo formativo de Grado Superior	Desarrollo de aplicaciones multiplataforma	2025-10-02	\N	t	Actualmente cursando el primer año del ciclo formativo.\r\nProgramacion - Java\r\nBases de datos - MySQL\r\nLenguajes de marca - XML, HTML, CSS\r\nSistemas informáticos
\.


--
-- Data for Name: resume_experience; Type: TABLE DATA; Schema: public; Owner: portfolio_user
--

COPY public.resume_experience (id, company, "position", start_date, end_date, current, description) FROM stdin;
1	ReWare Mobile SL	Encargado	2020-11-16	2025-02-03	f	Diagnóstico, testeo y reparación de dispositivos electrónicos. \r\nAscenso a encargado de departamento técnico en 2022, liderando equipo de 5 personas. \r\nReparación avanzada de placas base, experto en soldadura, reflow y reballing.\r\nDirección de 'stands' de reparación en el acto en distintas ciudades como Marbella o Barcelona.
2	Samsung España	Técnico	2018-01-08	2019-01-07	f	Reparación en el acto de dispositivos móviles y tablets. \r\nAtención al cliente, gestión del ERP y citas.
\.


--
-- Data for Name: services_service; Type: TABLE DATA; Schema: public; Owner: portfolio_user
--

COPY public.services_service (id, title, description, icon, "order") FROM stdin;
1	Desarrollo de página web	Creación de aplicaciones web completas desde el frontend hasta el backend, utilizando las tecnologías más modernas del mercado. Con interfaces adaptables que funcionan perfectamente en todos los dispositivos y tamaños de pantalla. Diseño, implementación y optimización de bases de datos para garantizar el mejor rendimiento de tus aplicaciones.	fas fa-code	0
\.


--
-- Data for Name: techs_technology; Type: TABLE DATA; Schema: public; Owner: portfolio_user
--

COPY public.techs_technology (id, name, icon, proficiency, category, icon_class) FROM stdin;
24	REST API		80	other	
25	GraphQL		65	other	
19	Git		85	tools	devicon-git-plain colored
22	Linux		80	tools	devicon-linux-plain colored
1	HTML5		90	frontend	devicon-html5-plain colored
6	Bootstrap		85	frontend	devicon-bootstrap-plain colored
3	JavaScript		80	frontend	devicon-javascript-plain colored
7	Tailwind CSS		80	frontend	devicon-tailwindcss-plain colored
12	Node.js		55	backend	devicon-nodejs-plain colored
11	PHP		85	backend	devicon-php-plain colored
15	PostgreSQL		75	database	devicon-postgresql-plain colored
17	SQLite		85	database	devicon-sqlite-plain colored
14	MySQL		90	database	devicon-mysql-plain colored
16	MongoDB		85	database	devicon-mongodb-plain colored
18	Redis		50	database	devicon-redis-plain colored
2	CSS3		90	frontend	devicon-css3-plain colored
4	React		60	frontend	devicon-react-original colored
5	Vue.js		55	frontend	devicon-vuejs-plain colored
20	GitHub		90	tools	devicon-github-original colored
21	Docker		85	tools	devicon-docker-plain colored
23	Nginx		60	tools	devicon-nginx-original colored
26	Angular		75	frontend	devicon-angularjs-plain colored
27	Markdown		90	other	devicon-markdown-original
28	Java		60	backend	devicon-java-plain colored
8	Python		80	backend	devicon-python-plain colored
9	Django		75	backend	devicon-django-plain colored
10	Flask		70	backend	devicon-flask-original colored
13	Express.js		50	backend	devicon-express-original colored
\.


--
-- Data for Name: testimonials_testimonial; Type: TABLE DATA; Schema: public; Owner: portfolio_user
--

COPY public.testimonials_testimonial (id, name, "position", company, content, avatar, rating, created_at) FROM stdin;
1	Luis Jose Sanchez	Teacher in Computing and Full Stack Programmer	CPIFP Alan Turing	¡Con la dedicación y la ilusión que le pones, llegarás donde quieras! ¡La programación es lo tuyo! 💪 💪 💪		5	2025-10-29 12:12:21.787729+00
\.


--
-- Name: about_about_id_seq; Type: SEQUENCE SET; Schema: public; Owner: portfolio_user
--

SELECT pg_catalog.setval('public.about_about_id_seq', 1, true);


--
-- Name: auth_group_id_seq; Type: SEQUENCE SET; Schema: public; Owner: portfolio_user
--

SELECT pg_catalog.setval('public.auth_group_id_seq', 1, false);


--
-- Name: auth_group_permissions_id_seq; Type: SEQUENCE SET; Schema: public; Owner: portfolio_user
--

SELECT pg_catalog.setval('public.auth_group_permissions_id_seq', 1, false);


--
-- Name: auth_permission_id_seq; Type: SEQUENCE SET; Schema: public; Owner: portfolio_user
--

SELECT pg_catalog.setval('public.auth_permission_id_seq', 60, true);


--
-- Name: auth_user_groups_id_seq; Type: SEQUENCE SET; Schema: public; Owner: portfolio_user
--

SELECT pg_catalog.setval('public.auth_user_groups_id_seq', 1, false);


--
-- Name: auth_user_id_seq; Type: SEQUENCE SET; Schema: public; Owner: portfolio_user
--

SELECT pg_catalog.setval('public.auth_user_id_seq', 1, true);


--
-- Name: auth_user_user_permissions_id_seq; Type: SEQUENCE SET; Schema: public; Owner: portfolio_user
--

SELECT pg_catalog.setval('public.auth_user_user_permissions_id_seq', 1, false);


--
-- Name: blog_post_id_seq; Type: SEQUENCE SET; Schema: public; Owner: portfolio_user
--

SELECT pg_catalog.setval('public.blog_post_id_seq', 1, true);


--
-- Name: contact_contactmessage_id_seq; Type: SEQUENCE SET; Schema: public; Owner: portfolio_user
--

SELECT pg_catalog.setval('public.contact_contactmessage_id_seq', 2, true);


--
-- Name: django_admin_log_id_seq; Type: SEQUENCE SET; Schema: public; Owner: portfolio_user
--

SELECT pg_catalog.setval('public.django_admin_log_id_seq', 33, true);


--
-- Name: django_content_type_id_seq; Type: SEQUENCE SET; Schema: public; Owner: portfolio_user
--

SELECT pg_catalog.setval('public.django_content_type_id_seq', 15, true);


--
-- Name: django_migrations_id_seq; Type: SEQUENCE SET; Schema: public; Owner: portfolio_user
--

SELECT pg_catalog.setval('public.django_migrations_id_seq', 27, true);


--
-- Name: projects_project_id_seq; Type: SEQUENCE SET; Schema: public; Owner: portfolio_user
--

SELECT pg_catalog.setval('public.projects_project_id_seq', 1, true);


--
-- Name: resume_education_id_seq; Type: SEQUENCE SET; Schema: public; Owner: portfolio_user
--

SELECT pg_catalog.setval('public.resume_education_id_seq', 2, true);


--
-- Name: resume_experience_id_seq; Type: SEQUENCE SET; Schema: public; Owner: portfolio_user
--

SELECT pg_catalog.setval('public.resume_experience_id_seq', 2, true);


--
-- Name: services_service_id_seq; Type: SEQUENCE SET; Schema: public; Owner: portfolio_user
--

SELECT pg_catalog.setval('public.services_service_id_seq', 1, true);


--
-- Name: techs_technology_id_seq; Type: SEQUENCE SET; Schema: public; Owner: portfolio_user
--

SELECT pg_catalog.setval('public.techs_technology_id_seq', 28, true);


--
-- Name: testimonials_testimonial_id_seq; Type: SEQUENCE SET; Schema: public; Owner: portfolio_user
--

SELECT pg_catalog.setval('public.testimonials_testimonial_id_seq', 1, true);


--
-- Name: about_about about_about_pkey; Type: CONSTRAINT; Schema: public; Owner: portfolio_user
--

ALTER TABLE ONLY public.about_about
    ADD CONSTRAINT about_about_pkey PRIMARY KEY (id);


--
-- Name: auth_group auth_group_name_key; Type: CONSTRAINT; Schema: public; Owner: portfolio_user
--

ALTER TABLE ONLY public.auth_group
    ADD CONSTRAINT auth_group_name_key UNIQUE (name);


--
-- Name: auth_group_permissions auth_group_permissions_group_id_permission_id_0cd325b0_uniq; Type: CONSTRAINT; Schema: public; Owner: portfolio_user
--

ALTER TABLE ONLY public.auth_group_permissions
    ADD CONSTRAINT auth_group_permissions_group_id_permission_id_0cd325b0_uniq UNIQUE (group_id, permission_id);


--
-- Name: auth_group_permissions auth_group_permissions_pkey; Type: CONSTRAINT; Schema: public; Owner: portfolio_user
--

ALTER TABLE ONLY public.auth_group_permissions
    ADD CONSTRAINT auth_group_permissions_pkey PRIMARY KEY (id);


--
-- Name: auth_group auth_group_pkey; Type: CONSTRAINT; Schema: public; Owner: portfolio_user
--

ALTER TABLE ONLY public.auth_group
    ADD CONSTRAINT auth_group_pkey PRIMARY KEY (id);


--
-- Name: auth_permission auth_permission_content_type_id_codename_01ab375a_uniq; Type: CONSTRAINT; Schema: public; Owner: portfolio_user
--

ALTER TABLE ONLY public.auth_permission
    ADD CONSTRAINT auth_permission_content_type_id_codename_01ab375a_uniq UNIQUE (content_type_id, codename);


--
-- Name: auth_permission auth_permission_pkey; Type: CONSTRAINT; Schema: public; Owner: portfolio_user
--

ALTER TABLE ONLY public.auth_permission
    ADD CONSTRAINT auth_permission_pkey PRIMARY KEY (id);


--
-- Name: auth_user_groups auth_user_groups_pkey; Type: CONSTRAINT; Schema: public; Owner: portfolio_user
--

ALTER TABLE ONLY public.auth_user_groups
    ADD CONSTRAINT auth_user_groups_pkey PRIMARY KEY (id);


--
-- Name: auth_user_groups auth_user_groups_user_id_group_id_94350c0c_uniq; Type: CONSTRAINT; Schema: public; Owner: portfolio_user
--

ALTER TABLE ONLY public.auth_user_groups
    ADD CONSTRAINT auth_user_groups_user_id_group_id_94350c0c_uniq UNIQUE (user_id, group_id);


--
-- Name: auth_user auth_user_pkey; Type: CONSTRAINT; Schema: public; Owner: portfolio_user
--

ALTER TABLE ONLY public.auth_user
    ADD CONSTRAINT auth_user_pkey PRIMARY KEY (id);


--
-- Name: auth_user_user_permissions auth_user_user_permissions_pkey; Type: CONSTRAINT; Schema: public; Owner: portfolio_user
--

ALTER TABLE ONLY public.auth_user_user_permissions
    ADD CONSTRAINT auth_user_user_permissions_pkey PRIMARY KEY (id);


--
-- Name: auth_user_user_permissions auth_user_user_permissions_user_id_permission_id_14a6b632_uniq; Type: CONSTRAINT; Schema: public; Owner: portfolio_user
--

ALTER TABLE ONLY public.auth_user_user_permissions
    ADD CONSTRAINT auth_user_user_permissions_user_id_permission_id_14a6b632_uniq UNIQUE (user_id, permission_id);


--
-- Name: auth_user auth_user_username_key; Type: CONSTRAINT; Schema: public; Owner: portfolio_user
--

ALTER TABLE ONLY public.auth_user
    ADD CONSTRAINT auth_user_username_key UNIQUE (username);


--
-- Name: blog_post blog_post_pkey; Type: CONSTRAINT; Schema: public; Owner: portfolio_user
--

ALTER TABLE ONLY public.blog_post
    ADD CONSTRAINT blog_post_pkey PRIMARY KEY (id);


--
-- Name: blog_post blog_post_slug_key; Type: CONSTRAINT; Schema: public; Owner: portfolio_user
--

ALTER TABLE ONLY public.blog_post
    ADD CONSTRAINT blog_post_slug_key UNIQUE (slug);


--
-- Name: contact_contactmessage contact_contactmessage_pkey; Type: CONSTRAINT; Schema: public; Owner: portfolio_user
--

ALTER TABLE ONLY public.contact_contactmessage
    ADD CONSTRAINT contact_contactmessage_pkey PRIMARY KEY (id);


--
-- Name: django_admin_log django_admin_log_pkey; Type: CONSTRAINT; Schema: public; Owner: portfolio_user
--

ALTER TABLE ONLY public.django_admin_log
    ADD CONSTRAINT django_admin_log_pkey PRIMARY KEY (id);


--
-- Name: django_content_type django_content_type_app_label_model_76bd3d3b_uniq; Type: CONSTRAINT; Schema: public; Owner: portfolio_user
--

ALTER TABLE ONLY public.django_content_type
    ADD CONSTRAINT django_content_type_app_label_model_76bd3d3b_uniq UNIQUE (app_label, model);


--
-- Name: django_content_type django_content_type_pkey; Type: CONSTRAINT; Schema: public; Owner: portfolio_user
--

ALTER TABLE ONLY public.django_content_type
    ADD CONSTRAINT django_content_type_pkey PRIMARY KEY (id);


--
-- Name: django_migrations django_migrations_pkey; Type: CONSTRAINT; Schema: public; Owner: portfolio_user
--

ALTER TABLE ONLY public.django_migrations
    ADD CONSTRAINT django_migrations_pkey PRIMARY KEY (id);


--
-- Name: django_session django_session_pkey; Type: CONSTRAINT; Schema: public; Owner: portfolio_user
--

ALTER TABLE ONLY public.django_session
    ADD CONSTRAINT django_session_pkey PRIMARY KEY (session_key);


--
-- Name: projects_project projects_project_pkey; Type: CONSTRAINT; Schema: public; Owner: portfolio_user
--

ALTER TABLE ONLY public.projects_project
    ADD CONSTRAINT projects_project_pkey PRIMARY KEY (id);


--
-- Name: projects_project projects_project_slug_key; Type: CONSTRAINT; Schema: public; Owner: portfolio_user
--

ALTER TABLE ONLY public.projects_project
    ADD CONSTRAINT projects_project_slug_key UNIQUE (slug);


--
-- Name: resume_education resume_education_pkey; Type: CONSTRAINT; Schema: public; Owner: portfolio_user
--

ALTER TABLE ONLY public.resume_education
    ADD CONSTRAINT resume_education_pkey PRIMARY KEY (id);


--
-- Name: resume_experience resume_experience_pkey; Type: CONSTRAINT; Schema: public; Owner: portfolio_user
--

ALTER TABLE ONLY public.resume_experience
    ADD CONSTRAINT resume_experience_pkey PRIMARY KEY (id);


--
-- Name: services_service services_service_pkey; Type: CONSTRAINT; Schema: public; Owner: portfolio_user
--

ALTER TABLE ONLY public.services_service
    ADD CONSTRAINT services_service_pkey PRIMARY KEY (id);


--
-- Name: techs_technology techs_technology_pkey; Type: CONSTRAINT; Schema: public; Owner: portfolio_user
--

ALTER TABLE ONLY public.techs_technology
    ADD CONSTRAINT techs_technology_pkey PRIMARY KEY (id);


--
-- Name: testimonials_testimonial testimonials_testimonial_pkey; Type: CONSTRAINT; Schema: public; Owner: portfolio_user
--

ALTER TABLE ONLY public.testimonials_testimonial
    ADD CONSTRAINT testimonials_testimonial_pkey PRIMARY KEY (id);


--
-- Name: auth_group_name_a6ea08ec_like; Type: INDEX; Schema: public; Owner: portfolio_user
--

CREATE INDEX auth_group_name_a6ea08ec_like ON public.auth_group USING btree (name varchar_pattern_ops);


--
-- Name: auth_group_permissions_group_id_b120cbf9; Type: INDEX; Schema: public; Owner: portfolio_user
--

CREATE INDEX auth_group_permissions_group_id_b120cbf9 ON public.auth_group_permissions USING btree (group_id);


--
-- Name: auth_group_permissions_permission_id_84c5c92e; Type: INDEX; Schema: public; Owner: portfolio_user
--

CREATE INDEX auth_group_permissions_permission_id_84c5c92e ON public.auth_group_permissions USING btree (permission_id);


--
-- Name: auth_permission_content_type_id_2f476e4b; Type: INDEX; Schema: public; Owner: portfolio_user
--

CREATE INDEX auth_permission_content_type_id_2f476e4b ON public.auth_permission USING btree (content_type_id);


--
-- Name: auth_user_groups_group_id_97559544; Type: INDEX; Schema: public; Owner: portfolio_user
--

CREATE INDEX auth_user_groups_group_id_97559544 ON public.auth_user_groups USING btree (group_id);


--
-- Name: auth_user_groups_user_id_6a12ed8b; Type: INDEX; Schema: public; Owner: portfolio_user
--

CREATE INDEX auth_user_groups_user_id_6a12ed8b ON public.auth_user_groups USING btree (user_id);


--
-- Name: auth_user_user_permissions_permission_id_1fbb5f2c; Type: INDEX; Schema: public; Owner: portfolio_user
--

CREATE INDEX auth_user_user_permissions_permission_id_1fbb5f2c ON public.auth_user_user_permissions USING btree (permission_id);


--
-- Name: auth_user_user_permissions_user_id_a95ead1b; Type: INDEX; Schema: public; Owner: portfolio_user
--

CREATE INDEX auth_user_user_permissions_user_id_a95ead1b ON public.auth_user_user_permissions USING btree (user_id);


--
-- Name: auth_user_username_6821ab7c_like; Type: INDEX; Schema: public; Owner: portfolio_user
--

CREATE INDEX auth_user_username_6821ab7c_like ON public.auth_user USING btree (username varchar_pattern_ops);


--
-- Name: blog_post_slug_b95473f2_like; Type: INDEX; Schema: public; Owner: portfolio_user
--

CREATE INDEX blog_post_slug_b95473f2_like ON public.blog_post USING btree (slug varchar_pattern_ops);


--
-- Name: django_admin_log_content_type_id_c4bce8eb; Type: INDEX; Schema: public; Owner: portfolio_user
--

CREATE INDEX django_admin_log_content_type_id_c4bce8eb ON public.django_admin_log USING btree (content_type_id);


--
-- Name: django_admin_log_user_id_c564eba6; Type: INDEX; Schema: public; Owner: portfolio_user
--

CREATE INDEX django_admin_log_user_id_c564eba6 ON public.django_admin_log USING btree (user_id);


--
-- Name: django_session_expire_date_a5c62663; Type: INDEX; Schema: public; Owner: portfolio_user
--

CREATE INDEX django_session_expire_date_a5c62663 ON public.django_session USING btree (expire_date);


--
-- Name: django_session_session_key_c0390e0f_like; Type: INDEX; Schema: public; Owner: portfolio_user
--

CREATE INDEX django_session_session_key_c0390e0f_like ON public.django_session USING btree (session_key varchar_pattern_ops);


--
-- Name: projects_project_slug_2d50067a_like; Type: INDEX; Schema: public; Owner: portfolio_user
--

CREATE INDEX projects_project_slug_2d50067a_like ON public.projects_project USING btree (slug varchar_pattern_ops);


--
-- Name: auth_group_permissions auth_group_permissio_permission_id_84c5c92e_fk_auth_perm; Type: FK CONSTRAINT; Schema: public; Owner: portfolio_user
--

ALTER TABLE ONLY public.auth_group_permissions
    ADD CONSTRAINT auth_group_permissio_permission_id_84c5c92e_fk_auth_perm FOREIGN KEY (permission_id) REFERENCES public.auth_permission(id) DEFERRABLE INITIALLY DEFERRED;


--
-- Name: auth_group_permissions auth_group_permissions_group_id_b120cbf9_fk_auth_group_id; Type: FK CONSTRAINT; Schema: public; Owner: portfolio_user
--

ALTER TABLE ONLY public.auth_group_permissions
    ADD CONSTRAINT auth_group_permissions_group_id_b120cbf9_fk_auth_group_id FOREIGN KEY (group_id) REFERENCES public.auth_group(id) DEFERRABLE INITIALLY DEFERRED;


--
-- Name: auth_permission auth_permission_content_type_id_2f476e4b_fk_django_co; Type: FK CONSTRAINT; Schema: public; Owner: portfolio_user
--

ALTER TABLE ONLY public.auth_permission
    ADD CONSTRAINT auth_permission_content_type_id_2f476e4b_fk_django_co FOREIGN KEY (content_type_id) REFERENCES public.django_content_type(id) DEFERRABLE INITIALLY DEFERRED;


--
-- Name: auth_user_groups auth_user_groups_group_id_97559544_fk_auth_group_id; Type: FK CONSTRAINT; Schema: public; Owner: portfolio_user
--

ALTER TABLE ONLY public.auth_user_groups
    ADD CONSTRAINT auth_user_groups_group_id_97559544_fk_auth_group_id FOREIGN KEY (group_id) REFERENCES public.auth_group(id) DEFERRABLE INITIALLY DEFERRED;


--
-- Name: auth_user_groups auth_user_groups_user_id_6a12ed8b_fk_auth_user_id; Type: FK CONSTRAINT; Schema: public; Owner: portfolio_user
--

ALTER TABLE ONLY public.auth_user_groups
    ADD CONSTRAINT auth_user_groups_user_id_6a12ed8b_fk_auth_user_id FOREIGN KEY (user_id) REFERENCES public.auth_user(id) DEFERRABLE INITIALLY DEFERRED;


--
-- Name: auth_user_user_permissions auth_user_user_permi_permission_id_1fbb5f2c_fk_auth_perm; Type: FK CONSTRAINT; Schema: public; Owner: portfolio_user
--

ALTER TABLE ONLY public.auth_user_user_permissions
    ADD CONSTRAINT auth_user_user_permi_permission_id_1fbb5f2c_fk_auth_perm FOREIGN KEY (permission_id) REFERENCES public.auth_permission(id) DEFERRABLE INITIALLY DEFERRED;


--
-- Name: auth_user_user_permissions auth_user_user_permissions_user_id_a95ead1b_fk_auth_user_id; Type: FK CONSTRAINT; Schema: public; Owner: portfolio_user
--

ALTER TABLE ONLY public.auth_user_user_permissions
    ADD CONSTRAINT auth_user_user_permissions_user_id_a95ead1b_fk_auth_user_id FOREIGN KEY (user_id) REFERENCES public.auth_user(id) DEFERRABLE INITIALLY DEFERRED;


--
-- Name: django_admin_log django_admin_log_content_type_id_c4bce8eb_fk_django_co; Type: FK CONSTRAINT; Schema: public; Owner: portfolio_user
--

ALTER TABLE ONLY public.django_admin_log
    ADD CONSTRAINT django_admin_log_content_type_id_c4bce8eb_fk_django_co FOREIGN KEY (content_type_id) REFERENCES public.django_content_type(id) DEFERRABLE INITIALLY DEFERRED;


--
-- Name: django_admin_log django_admin_log_user_id_c564eba6_fk_auth_user_id; Type: FK CONSTRAINT; Schema: public; Owner: portfolio_user
--

ALTER TABLE ONLY public.django_admin_log
    ADD CONSTRAINT django_admin_log_user_id_c564eba6_fk_auth_user_id FOREIGN KEY (user_id) REFERENCES public.auth_user(id) DEFERRABLE INITIALLY DEFERRED;


--
-- PostgreSQL database dump complete
--

\unrestrict 2WwLy8XOiONKXtT0a2aHTYLLKNmHRjqQaCLiuk3ILrbIRdtw2GoJZ6lfYhmVZaQ

